<?xml version="1.0" encoding="UTF-8"?>
<beans  
    xmlns="http://www.springframework.org/schema/beans"  
    xmlns:xsi="http://www.w3.org/2001/XMLSchema-instance"  
    xmlns:p="http://www.springframework.org/schema/p"  
    xsi:schemaLocation="http://www.springframework.org/schema/beans  
       http://www.springframework.org/schema/beans/spring-beans-3.0.xsd">  
  <bean id="obj1" class="SpringCore1.Employee">
<constructor-arg value="1"></constructor-arg>
<constructor-arg value="Afreen"></constructor-arg>
<constructor-arg value="Guddad"></constructor-arg>
</bean>

<bean id="obj2" class="SpringCore1.Employee">
</bean>
</beans>