<?xml version="1.0" encoding="UTF-8"?>
<beans  
    xmlns="http://www.springframework.org/schema/beans"  
    xmlns:xsi="http://www.w3.org/2001/XMLSchema-instance"  
    xmlns:p="http://www.springframework.org/schema/p"  
    xsi:schemaLocation="http://www.springframework.org/schema/beans  
       http://www.springframework.org/schema/beans/spring-beans-3.0.xsd">  
  <bean id="obj1" class="Employee">
<property name="empid" value="1"></property>
<property name="name" value="Afreen"></property>
<property name="salary" value="23000"></property>
<property name="designation" value="devloper"></property>
</bean>

<bean id="obj2" class="Employee">
<property name="empid" value="2"></property>
<property name="name" value="Abhi"></property>
<property name="salary" value="25000"></property>
<property name="designation" value="Tester"></property>
</bean>
</beans>